	0
0	0.7897813
1	0.63645464
2	0.675091
3	0.9936411
4	0.94883496
5	0.5044354
6	0.25115895
7	0.25333557
8	0.16754384
9	0.09991032
10	0.14924073
11	0.13709478
12	0.18552212
13	0.16918047
14	0.07294547
15	0.923684
16	0.031855155
17	0.18866512
18	0.123446
19	0.09674169
20	0.26752865
21	0.16467726
22	0.02404394
23	0.8116559
24	0.10926219
25	0.19128653
26	0.116910346
27	0.10996358
28	0.043867923
29	0.9607576
30	0.19285132
31	0.10581608
32	0.15472762
33	0.18361188
34	0.8535279
35	0.1282441
36	0.4845729
37	0.19902228
38	0.18701272
39	0.5841527
40	0.112603284
41	0.91705996
42	0.11644735
43	0.1610623
44	0.11038028
45	0.08765158
46	0.037823614
47	0.08395918
48	0.20225888
49	0.08121673
50	0.041367963
51	0.06017581
52	0.19990273
53	0.08395918
54	0.045613885
55	0.060154088
56	0.031056728
57	0.095404014
58	0.04347025
59	0.043479685
60	0.41349763
61	0.28082657
62	0.23509091
63	0.5448562
64	0.96195936
65	0.226021
66	0.26791668
67	0.6227229
68	0.5918282
69	0.64343804
70	0.34350073
71	0.20867568
72	0.88412124
73	0.78030354
74	0.8182942
75	0.9769771
76	0.13808772
77	0.057069704
78	0.08516318
79	0.12526716
80	0.0786229
81	0.14733554
82	0.27711257
83	0.10859509
84	0.9675633
85	0.31821015
86	0.1353959
87	0.12882392
88	0.32633066
89	0.28950056
90	0.15950127
91	0.060870532
92	0.10193847
93	0.192341
94	0.24905498
95	0.09771533
96	0.045654643
97	0.28304982
98	0.64598745
99	0.30116567
100	0.1098308
101	0.040683456
102	0.16556302
103	0.14229475
104	0.15239927
105	0.24031918
106	0.29102913
107	0.092261486
108	0.12562592
109	0.25401425
110	0.32683894
111	0.09253539
112	0.19936989
113	0.0463769
114	0.32324818
115	0.30191964
116	0.20035055
117	0.38413683
118	0.35830128
119	0.12326124
120	0.28603575
121	0.2753148
122	0.2925413
123	0.31577885
124	0.15097336
125	0.19698223
126	0.1100891
127	0.062048867
128	0.3151577
129	0.15990227
130	0.13549624
131	0.2807994
132	0.27689695
133	0.14918989
134	0.08205705
135	0.15096284
136	0.1303236
137	0.18197818
138	0.21008487
139	0.1067616
140	0.2231463
141	0.0776291
142	0.17283496
143	0.044415075
144	0.107955694
145	0.031683173
146	0.5675179
147	0.10872417
148	0.29941675
149	0.19776225
150	0.19759135
151	0.14120395
152	0.12058324
153	0.03347975
154	0.07158629
155	0.08608151
156	0.090624966
157	0.097724274
158	0.21227446
159	0.11835121
160	0.13610063
161	0.12888062
162	0.30740878
163	0.25763735
164	0.1299809
165	0.07791302
166	0.58967376
167	0.7367705
168	0.9027851
169	0.88422287
170	0.06686321
171	0.39727268
172	0.14487419
173	0.12367338
174	0.48510656
175	0.7410972
176	0.1680793
177	0.2444882
178	0.37457114
179	0.13759641
180	0.8341205
181	0.10558357
182	0.24547781
183	0.12970978
184	0.6509042
185	0.15256734
186	0.2971179
187	0.053445265
188	0.25852266
189	0.5035271
190	0.08591339
191	0.10355907
192	0.879086
193	0.16082166
194	0.028126933
195	0.06583546
196	0.56965154
197	0.28380963
198	0.49469328
199	0.8456167
200	0.444268
201	0.17931813
202	0.06223028
203	0.034671042
204	0.19497904
205	0.07387436
206	0.16995151
207	0.57636434
208	0.07897067
209	0.13962509
210	0.14098719
211	0.17772457
212	0.14015377
213	0.16781688
214	0.96883965
215	0.6809892
216	0.0791754
217	0.32287532
218	0.3566923
219	0.6697827
220	0.38007686
221	0.33154285
222	0.13441496
223	0.057302885
224	0.20860147
225	0.31960964
226	0.21656992
227	0.2578818
228	0.52229166
229	0.10772431
230	0.37898114
231	0.20700607
232	0.11200053
233	0.12287743
234	0.3933755
235	0.18781756
236	0.091369554
237	0.116129525
238	0.07240484
239	0.15710276
240	0.10213553
241	0.06842941
242	0.063097395
243	0.2972754
244	0.062098954
245	0.16050978
246	0.102658115
247	0.08485267
248	0.11328555
249	0.214658
250	0.11781025
251	0.05423568
252	0.09000063
253	0.041679807
254	0.07362361
255	0.15047081
256	0.13573481
257	0.12065914
258	0.10339419
259	0.24233773
260	0.143166
261	0.20813306
262	0.19954224
263	0.2272232
264	0.24235323
265	0.10616176
266	0.11970092
267	0.10595632
268	0.10987285
269	0.39194432
270	0.32625917
271	0.26046044
272	0.2205292
273	0.22686496
274	0.20411192
275	0.15041603
276	0.050981328
277	0.1362699
278	0.108809404
279	0.20341985
280	0.3220475
281	0.32004684
282	0.5993525
283	0.2072682
284	0.2974263
285	0.21404691
286	0.21404691
287	0.06770812
288	0.12438695
289	0.06845387
290	0.0951886
291	0.15662722
292	0.044302467
293	0.24170692
294	0.08426552
295	0.08085584
296	0.14010526
297	0.08273515
298	0.8758668
299	0.08705285
300	0.053224765
301	0.12264744
302	0.07622614
303	0.035699975
304	0.15476792
305	0.038772807
306	0.09832513
307	0.04739945
308	0.18269385
309	0.14435324
310	0.2490267
311	0.08927704
312	0.89003867
313	0.04617006
314	0.146206
315	0.17954649
316	0.36496937
317	0.054541096
318	0.26029983
319	0.17701842
320	0.06872863
321	0.04777267
322	0.09723419
323	0.10709813
324	0.050932545
325	0.326725
326	0.076837376
327	0.07550407
328	0.08445543
329	0.25859803
330	0.10204211
331	0.11862938
332	0.06873719
333	0.10491709
334	0.14962856
335	0.4218521
336	0.07969926
337	0.11940959
338	0.13074748
339	0.08672631
340	0.33237112
341	0.052004408
342	0.13102539
343	0.11873007
344	0.23047888
345	0.2660452
346	0.11446149
347	0.26520473
348	0.09710925
349	0.15308979
350	0.09742882
351	0.1701768
352	0.112142466
353	0.064088255
354	0.12478282
355	0.40289426
356	0.34050694
357	0.040119197
358	0.10393464
359	0.11830964
360	0.16081847
361	0.091344334
362	0.12862703
363	0.04548575
364	0.5758678
365	0.08479341
366	0.14035986
367	0.05007956
368	0.032898147
369	0.06764073
370	0.109509416
371	0.14972062
372	0.08294952
373	0.16624898
374	0.23722091
375	0.09537707
376	0.18509194
377	0.057413712
378	0.06951204
379	0.12372605
380	0.049768172
381	0.072534695
382	0.059583776
383	0.24370834
384	0.033070367
385	0.18938622
386	0.032353766
387	0.03275907
388	0.12517995
389	0.15804166
390	0.099819034
391	0.07888743
392	0.1342273
393	0.15322992
394	0.18799774
395	0.03668591
396	0.14216231
397	0.0879266
398	0.032720096
399	0.12804514
400	0.053228587
401	0.052141655
402	0.03310913
403	0.07494827
404	0.077721365
405	0.10441283
406	0.1347415
407	0.08872022
408	0.08773831
409	0.06805256
410	0.29941192
411	0.16649671
412	0.120728135
413	0.095625505
414	0.14467901
415	0.1199806
416	0.16047259
417	0.9897684
418	0.13764474
419	0.202544
420	0.05581598
421	0.05297371
422	0.0581999
423	0.11918567
424	0.2901442
425	0.059283555
426	0.1468112
427	0.036789905
428	0.16490969
429	0.08995606
430	0.02407929
431	0.12747006
432	0.04682331
433	0.077032745
434	0.093201816
435	0.032514647
436	0.124581255
437	0.07993376
438	0.082792565
439	0.0877504
440	0.11187942
441	0.1384587
442	0.076579966
443	0.07635679
444	0.16163425
445	0.23323818
446	0.5126298
447	0.18065071
448	0.24878812
449	0.028243199
450	0.18820624
451	0.087240055
452	0.27078983
453	0.061056867
454	0.09754073
455	0.10338942
456	0.017414909
457	0.17395571
458	0.123265676
459	0.040099185
460	0.14800176
461	0.04902044
462	0.084762596
463	0.07598972
464	0.08001658
465	0.04534064
466	0.14360598
467	0.078436606
468	0.034880407
469	0.05999593
470	0.2915665
471	0.9491799
472	0.1125519
473	0.0576064
474	0.09796899
475	0.7203486
476	0.5395744
477	0.1569437
478	0.6524
479	0.797913
480	0.26545793
481	0.021763697
482	0.117606364
483	0.60034883
484	0.25140944
485	0.12286611
486	0.035541456
487	0.10251304
488	0.0546847
489	0.7334326
490	0.65230596
491	0.8386418
492	0.80208486
493	0.16457587
494	0.157034
495	0.40371013
496	0.03457762
497	0.017368006
498	0.75748277
499	0.27560478
500	0.87107915
501	0.8644728
502	0.679617
503	0.55960906
504	0.8681208
505	0.7915169
506	0.924192
507	0.5328169
508	0.6326587
509	0.8467009
510	0.72770584
511	0.3697857
512	0.16278441
513	0.77348435
514	0.17834128
515	0.6668585
516	0.20648779
517	0.8226512
518	0.4430978
519	0.12672995
520	0.23306252
521	0.16069101
522	0.9902665
523	0.3237317
524	0.20972905
525	0.7520011
526	0.3974675
527	0.0775566
528	0.30613437
529	0.4756391
530	0.5218198
531	0.1858227
532	0.06824232
533	0.27611062
534	0.25756612
535	0.9209592
536	0.059876956
537	0.35089085
538	0.11395512
539	0.9852246
540	0.11739287
541	0.08019551
542	0.18676487
543	0.4853539
544	0.0675699
545	0.8470393
546	0.3037017
547	0.46269333
548	0.95346826
549	0.30200002
550	0.9187468
551	0.64238685
552	0.6533489
553	0.45901856
554	0.9565667
555	0.50113815
556	0.19072108
557	0.9848814
558	0.46523255
559	0.23262669
560	0.10347989
561	0.13099632
562	0.49577758
563	0.12005503
564	0.15962549
565	0.026968166
566	0.08185067
567	0.10740872
568	0.20563294
569	0.12637073
570	0.30445686
571	0.23736766
572	0.13290821
573	0.18979716
574	0.06667804
575	0.29004335
576	0.037367944
577	0.32149583
578	0.06918346
579	0.058915965
580	0.25795212
581	0.076752335
582	0.032011326
583	0.17937951
584	0.13624683
585	0.0835893
586	0.16438377
587	0.20456359
588	0.1405715
589	0.080759004
590	0.19139363
591	0.13108256
592	0.0979392
593	0.33468857
594	0.8835562
595	0.12932752
596	0.04571698
597	0.33903372
598	0.7000727
599	0.1413913
600	0.11739287
601	0.35665643
602	0.3662112
603	0.47894332
604	0.2264857
605	0.2425199
606	0.2118642
607	0.9706011
608	0.42655748
609	0.42442837
610	0.85646385
611	0.2463746
612	0.9706011
613	0.10794557
614	0.19400102
615	0.30359474
616	0.09375301
617	0.22059391
618	0.18765353
619	0.5797366
620	0.91605943
621	0.07748968
622	0.76455855
623	0.2862484
624	0.057354257
625	0.39694163
626	0.04640508
627	0.3854502
628	0.48418838
629	0.4691739
630	0.67322916
631	0.17159224
632	0.14889845
633	0.21564204
634	0.12210841
635	0.3347071
636	0.095625915
637	0.03889806
638	0.074819915
639	0.12307321
640	0.08496534
641	0.080206186
642	0.24177335
643	0.14084336
644	0.15411177
645	0.12804377
646	0.08358707
647	0.052425202
648	0.21390676
649	0.33287227
650	0.06487738
651	0.15145417
652	0.079509
653	0.11408978
654	0.8645969
655	0.05446924
656	0.21142933
657	0.095751725
658	0.09510243
659	0.31300583
660	0.3697931
661	0.12619731
662	0.07924055
663	0.19930106
664	0.47698548
665	0.029068584
666	0.16536988
667	0.077788725
668	0.7560732
669	0.27652872
670	0.12697777
671	0.06707216
672	0.11616128
673	0.03968944
674	0.17929822
675	0.66402364
676	0.08357653
677	0.11906263
678	0.1943793
679	0.2783125
680	0.22395809
681	0.14520128
682	0.13013327
683	0.24266574
684	0.8288042
685	0.11967988
686	0.5063991
687	0.36963004
688	0.29347286
689	0.8471159
690	0.049534958
691	0.49421465
692	0.30814078
693	0.7313265
694	0.3054376
695	0.25217095
696	0.39116845
697	0.25839293
698	0.16948129
699	0.15243736
700	0.62701356
701	0.05847626
702	0.46805725
703	0.05097187
704	0.069576554
705	0.10768815
706	0.13647696
707	0.057428434
708	0.14888035
709	0.5758148
710	0.3761108
711	0.5611899
712	0.15619002
713	0.13639851
714	0.43718866
715	0.054577574
716	0.112306125
717	0.13818082
718	0.26826593
719	0.07799605
720	0.15969679
721	0.2876121
722	0.14814241
723	0.23636816
724	0.15287638
725	0.16283959
726	0.31187102
727	0.12002851
728	0.13034897
729	0.32911134
730	0.05094308
731	0.42127296
732	0.104412116
733	0.96099776
734	0.2131022
735	0.08998472
736	0.299223
737	0.42170796
738	0.08545732
739	0.13247213
740	0.16816837
741	0.15848365
742	0.10829011
743	0.042502087
744	0.057097577
745	0.02800778
746	0.1843464
747	0.024924187
748	0.08228123
749	0.249471
750	0.088652104
751	0.10579117
752	0.06556003
753	0.06916194
754	0.09169247
755	0.73052585
756	0.07261458
757	0.104972206
758	0.10165485
759	0.10949324
760	0.13549185
761	0.8978184
762	0.07602666
763	0.10680185
764	0.15999049
765	0.71544296
766	0.9379515
767	0.8436521
768	0.7531372
769	0.5296242
770	0.13463493
771	0.23319702
772	0.3345967
773	0.17742397
774	0.16352886
775	0.20503294
776	0.98294604
777	0.16096406
778	0.040435843
779	0.6559042
780	0.109395936
781	0.12372275
782	0.21718857
783	0.093661405
784	0.62771326
785	0.12594444
786	0.81549925
787	0.29406136
788	0.047239777
789	0.1594554
790	0.81656194
791	0.2477016
792	0.06547428
793	0.07174527
794	0.088971
795	0.27705598
796	0.2210406
797	0.15257503
798	0.9151339
799	0.74533826
800	0.24422449
801	0.9052856
802	0.9821484
803	0.08837264
804	0.8147522
805	0.046948116
806	0.62790054
807	0.07381315
808	0.11991378
809	0.1663846
810	0.08464214
811	0.124484956
812	0.023810333
813	0.10425495
814	0.054719787
815	0.11466035
816	0.16205716
817	0.043827217
818	0.10496332
819	0.07935046
820	0.083116695
821	0.09775543
822	0.14834863
823	0.09456631
824	0.046703797
825	0.11437938
826	0.0901117
827	0.052927274
828	0.06036198
829	0.2417835
830	0.02260741
831	0.28651333
832	0.045581557
833	0.11115685
834	0.02913874
835	0.07263375
836	0.05243525
837	0.10322314
838	0.14635238
839	0.045143187
840	0.07261278
841	0.25486442
842	0.067712
843	0.048655357
844	0.085634574
845	0.10611826
846	0.12416115
847	0.15697858
848	0.06704684
849	0.12035971
850	0.13594455
851	0.05417832
852	0.054782502
853	0.6049237
854	0.045524728
855	0.12688492
856	0.22294986
857	0.8802715
858	0.3856231
859	0.84903187
860	0.47672632
861	0.5497978
862	0.04441939
863	0.9209965
864	0.5133207
865	0.045696277
866	0.051580764
867	0.7483459
868	0.96424496
869	0.08536133
870	0.26076367
871	0.048663326
872	0.13125816
873	0.22462575
874	0.046815667
875	0.06936676
876	0.07322353
877	0.38590077
878	0.17680798
879	0.1001335
880	0.060651746
881	0.12983951
882	0.11405951
883	0.16618238
884	0.09569161
885	0.20551778
886	0.09113122
887	0.18087341
888	0.1724765
889	0.065704554
890	0.3310223
891	0.2074856
892	0.14625709
893	0.3011849
894	0.08139017
895	0.048923455
896	0.089359745
897	0.1250602
898	0.1618907
899	0.11151905
900	0.2714841
901	0.07917519
902	0.28487533
903	0.2876221
904	0.24790032
905	0.09060492
906	0.5454391
907	0.15103531
908	0.97207886
909	0.14654319
910	0.3214919
911	0.21374772
912	0.29333362
913	0.13969557
914	0.117927216
915	0.06602501
916	0.23059331
917	0.06251759
918	0.18022037
919	0.039259993
920	0.093361974
921	0.22075067
922	0.05789728
923	0.14090587
924	0.283787
925	0.22581093
926	0.09598214
927	0.38341334
928	0.2548074
929	0.12679422
930	0.24181157
931	0.11588306
932	0.3155942
933	0.18580297
934	0.1773174
935	0.33039394
936	0.5517851
937	0.1948009
938	0.2610394
939	0.14283434
940	0.19646333
941	0.896429
942	0.8286153
943	0.91087425
944	0.7958797
945	0.5006773
946	0.94723904
947	0.40225253
948	0.75157565
949	0.6981166
950	0.79662323
951	0.5082779
952	0.6270207
953	0.036296587
954	0.09856357
955	0.02566348
956	0.1426359
957	0.03677313
958	0.16648424
959	0.19289093
960	0.12090268
961	0.08062899
962	0.08297282
963	0.78932184
964	0.01753981
965	0.017982733
966	0.49008995
967	0.0149441585
968	0.0965499
969	0.015233041
970	0.013727418
971	0.070297085
972	0.025589447
973	0.010957226
974	0.07771016
975	0.016577708
976	0.0149163725
977	0.023629459
978	0.15896194
979	0.02424931
980	0.23919605
981	0.59758914
982	0.13911314
983	0.1664323
984	0.11053119
985	0.81674427
986	0.041079883
987	0.38052607
988	0.14646128
989	0.36127633
990	0.12013164
991	0.09519926
992	0.1350549
993	0.06429258
994	0.06195952
995	0.20147274
996	0.43402895
997	0.039258417
998	0.15801877
999	0.09061732
1000	0.42757204
1001	0.2544815
1002	0.13360952
1003	0.09613331
1004	0.06671013
1005	0.1098048
1006	0.12125221
1007	0.1252779
1008	0.96724427
1009	0.031007577
1010	0.099199824
1011	0.15654849
1012	0.98529774
1013	0.24413837
1014	0.04543021
1015	0.10695674
1016	0.17032273
1017	0.08838072
1018	0.09041651
1019	0.097647615
1020	0.07849656
1021	0.071333945
1022	0.07646395
1023	0.1214544
1024	0.06262858
1025	0.50197035
1026	0.20798002
1027	0.08292086
1028	0.38230085
1029	0.069916986
1030	0.19859527
1031	0.056307018
1032	0.060866278
1033	0.14495791
1034	0.11322881
1035	0.124998465
1036	0.19924366
1037	0.28790098
1038	0.25263748
1039	0.7566911
1040	0.11233796
1041	0.9927449
1042	0.27368385
1043	0.7378369
1044	0.15904158
1045	0.11511903
1046	0.3222922
1047	0.07976901
1048	0.138578
1049	0.05535837
1050	0.10370718
1051	0.15904158
1052	0.9305846
1053	0.071730524
1054	0.98276067
1055	0.5501857
1056	0.8118213
1057	0.9614106
1058	0.15569969
1059	0.13909997
1060	0.7466251
1061	0.16429462
1062	0.96915215
1063	0.17220496
1064	0.9550937
1065	0.6192083
1066	0.9761597
1067	0.73561966
1068	0.76894677
1069	0.3789267
1070	0.8456335
1071	0.71809894
1072	0.9761597
1073	0.85401016
1074	0.9529778
1075	0.018139182
1076	0.14386266
1077	0.05866898
1078	0.32156703
1079	0.08861227
1080	0.11381095
1081	0.007065812
1082	0.1090703
1083	0.18826504
1084	0.069996044
1085	0.09820202
1086	0.11823704
1087	0.64282036
1088	0.11385675
1089	0.112872966
1090	0.110862054
1091	0.0515339
1092	0.05849816
1093	0.113009505
1094	0.15620399
1095	0.10514699
1096	0.15986273
1097	0.120508604
1098	0.04032364
1099	0.046510193
1100	0.41689453
1101	0.16828115
1102	0.14131552
1103	0.04774125
1104	0.17041177
1105	0.10975762
1106	0.08593805
1107	0.13025148
1108	0.09732004
1109	0.12754725
1110	0.12368702
1111	0.104428075
1112	0.106135674
1113	0.031583395
1114	0.07131708
1115	0.03998411
1116	0.14293125
1117	0.21221578
1118	0.08142038
1119	0.40235367
1120	0.97541094
1121	0.68011993
1122	0.07784099
1123	0.09728168
1124	0.7006822
1125	0.0913591
1126	0.20618913
1127	0.6618039
1128	0.99153066
1129	0.64792866
1130	0.04756014
1131	0.110001236
1132	0.8255417
1133	0.13334115
1134	0.28007856
1135	0.13267279
1136	0.17895149
1137	0.20750092
1138	0.16453181
1139	0.14510903
1140	0.19444174
1141	0.04575495
1142	0.17073049
1143	0.12671354
1144	0.18553597
1145	0.110117346
1146	0.5827307
1147	0.16794628
1148	0.18891533
1149	0.24088627
1150	0.50510806
1151	0.07515529
1152	0.09834429
1153	0.21527167
1154	0.14125873
1155	0.06178991
1156	0.09618217
1157	0.18798126
1158	0.1092935
1159	0.1932432
1160	0.26218322
1161	0.10831842
1162	0.10091719
1163	0.23904726
1164	0.0943372
1165	0.2867591
1166	0.09533935
1167	0.08239163
1168	0.15864857
1169	0.16669273
1170	0.7883544
1171	0.21288246
1172	0.0974495
1173	0.08078857
1174	0.091935664
1175	0.111403465
1176	0.25542027
1177	0.95311046
1178	0.220134
1179	0.7628597
1180	0.2801823
1181	0.132863
1182	0.44649523
1183	0.862018
1184	0.88466513
1185	0.21049196
1186	0.06653628
1187	0.21520649
1188	0.095970556
1189	0.86592805
1190	0.08599172
1191	0.8957797
1192	0.07717149
1193	0.05633762
1194	0.14548837
1195	0.84620833
1196	0.048535205
1197	0.21537177
1198	0.053374603
1199	0.15137094
1200	0.121604964
1201	0.07853303
1202	0.06350286
1203	0.18303059
1204	0.26662463
1205	0.09100681
1206	0.16414404
1207	0.76469684
1208	0.0841452
1209	0.4794436
1210	0.07000651
1211	0.22266433
1212	0.18722787
1213	0.14846835
1214	0.9812066
1215	0.7030128
1216	0.6593591
1217	0.32817486
1218	0.12701283
1219	0.41775504
1220	0.13836072
1221	0.12974301
1222	0.075786926
1223	0.18155877
1224	0.05574864
1225	0.06800792
1226	0.080471784
1227	0.16504826
1228	0.18473716
1229	0.13662808
1230	0.02521301
1231	0.5324819
1232	0.85819334
1233	0.23704787
1234	0.23704787
1235	0.19712041
1236	0.7146993
1237	0.30778638
1238	0.23428698
1239	0.21365626
1240	0.29401034
1241	0.98799103
1242	0.178165
1243	0.23865843
1244	0.21699953
1245	0.06406849
1246	0.87598467
1247	0.6744205
1248	0.1303407
1249	0.10426578
1250	0.18506584
1251	0.2144024
1252	0.9105744
1253	0.95391357
1254	0.27129808
1255	0.49578658
1256	0.6231513
1257	0.89348173
1258	0.1796098
1259	0.912488
1260	0.17676216
1261	0.14297928
1262	0.078429505
1263	0.139555
1264	0.026268972
1265	0.17878124
1266	0.114818215
1267	0.04452293
1268	0.02493371
1269	0.12093892
1270	0.13859512
1271	0.05680468
1272	0.10157328
1273	0.097876325
1274	0.013235651
1275	0.06599701
1276	0.055102777
1277	0.13120276
1278	0.25327742
1279	0.91238785
1280	0.6813328
1281	0.92477363
1282	0.9007722
1283	0.06403979
1284	0.9378135
1285	0.14311536
1286	0.061274882
1287	0.05658974
1288	0.8366839
1289	0.16023386
1290	0.25193572
1291	0.11766081
1292	0.17736205
1293	0.4080846
1294	0.20378399
1295	0.040979292
1296	0.2148185
1297	0.38943684
1298	0.1458742
1299	0.14330828
1300	0.1328568
1301	0.20676377
1302	0.20676377
1303	0.12404257
1304	0.1138428
1305	0.10257698
1306	0.12428129
1307	0.51929283
1308	0.17307124
1309	0.13635038
1310	0.2853153
1311	0.6395359
1312	0.107031606
1313	0.08166497
1314	0.31577742
1315	0.15086208
1316	0.19310212
1317	0.33029285
1318	0.20965399
1319	0.6495561
1320	0.9787748
1321	0.927013
1322	0.8407117
1323	0.30368325
1324	0.8483774
1325	0.124317944
1326	0.25414103
1327	0.73845935
1328	0.8314864
1329	0.9044807
1330	0.9586973
1331	0.2241639
1332	0.077518545
1333	0.13873032
1334	0.11365109
1335	0.08422061
1336	0.15150268
1337	0.19071949
1338	0.10932557
1339	0.14333153
1340	0.06298922
1341	0.08488952
1342	0.18648584
1343	0.3424294
1344	0.06632741
1345	0.13456772
1346	0.07131081
1347	0.12855347
1348	0.0871754
1349	0.16786054
1350	0.22123396
1351	0.15505157
1352	0.587637
1353	0.20900911
1354	0.04500881
1355	0.5832787
1356	0.35843605
1357	0.04604586
1358	0.1687407
1359	0.14079462
1360	0.13374634
1361	0.04389564
1362	0.032354034
1363	0.07818579
1364	0.26452845
1365	0.16478395
1366	0.09892044
1367	0.086683355
1368	0.17089303
1369	0.14176759
1370	0.1765769
1371	0.11110584
1372	0.26230496
1373	0.20069616
1374	0.17999065
1375	0.2053059
1376	0.17447816
1377	0.0900184
1378	0.21982159
1379	0.47468928
1380	0.75122076
1381	0.39433116
1382	0.28997764
1383	0.41573206
1384	0.04211921
1385	0.056042273
1386	0.106485896
1387	0.19534089
1388	0.14498949
1389	0.73667175
1390	0.8033592
1391	0.7022213
1392	0.9244246
1393	0.04795179
1394	0.168742
1395	0.08335825
1396	0.2152736
1397	0.14071865
1398	0.08814782
1399	0.10265676
1400	0.10006789
1401	0.120956525
1402	0.05126532
1403	0.09181597
1404	0.23686291
1405	0.2963072
1406	0.078226745
1407	0.16234809
1408	0.19251138
1409	0.2564953
1410	0.27654713
1411	0.06908649
1412	0.07041131
1413	0.030057326
1414	0.16995832
1415	0.5616305
1416	0.07454544
1417	0.09434256
1418	0.11896784
1419	0.38042367
1420	0.07796844
1421	0.13385443
1422	0.9783362
1423	0.4858738
1424	0.12193504
1425	0.40603164
1426	0.09424645
1427	0.14899233
1428	0.0700443
1429	0.7961519
1430	0.6418756
1431	0.45409963
1432	0.42076468
1433	0.055422466
1434	0.29939908
1435	0.80684376
1436	0.3271801
1437	0.22086686
1438	0.7134647
1439	0.5243051
1440	0.60507226
1441	0.3613001
1442	0.6634629
1443	0.7515615
1444	0.89394957
1445	0.9823997
1446	0.9709336
1447	0.54993665
1448	0.8611511
1449	0.9679547
1450	0.19894423
1451	0.11707455
1452	0.25313544
1453	0.7517592
1454	0.31571704
1455	0.30814287
1456	0.57279605
1457	0.25979164
1458	0.04820971
1459	0.96754795
1460	0.75996274
1461	0.38407078
1462	0.9151417
1463	0.8144185
1464	0.040512733
1465	0.13160521
1466	0.034991253
1467	0.08776211
1468	0.1762275
1469	0.15259145
1470	0.16663669
1471	0.055836402
1472	0.062472593
1473	0.041841865
1474	0.14697687
1475	0.03463277
1476	0.14903827
1477	0.3218609
1478	0.05542338
1479	0.10132189
1480	0.23542212
1481	0.04679616
1482	0.39621723
1483	0.124105506
1484	0.55398405
1485	0.89256823
1486	0.20448953
1487	0.1140713
1488	0.029692132
1489	0.04679616
1490	0.124872945
1491	0.26351437
1492	0.14231765
1493	0.11531626
1494	0.050201263
1495	0.16388838
1496	0.125367
1497	0.14465448
1498	0.49100882
1499	0.06437097
1500	0.35321358
1501	0.90562963
1502	0.29553628
1503	0.26074162
1504	0.043528605
1505	0.5229516
1506	0.27229008
1507	0.114965685
1508	0.16315983
1509	0.18242599
1510	0.06785479
1511	0.32932234
1512	0.34012368
1513	0.49197376
1514	0.35160226
1515	0.69845605
1516	0.6897466
1517	0.5446354
1518	0.19873504
1519	0.23469616
1520	0.11670755
1521	0.265511
1522	0.5041404
1523	0.75801784
1524	0.4036324
1525	0.7390404
1526	0.239732
1527	0.17343822
1528	0.64264774
1529	0.30883813
1530	0.37002993
1531	0.42023683
1532	0.7476984
1533	0.46171692
1534	0.9563837
1535	0.17280146
1536	0.9131165
1537	0.9131165
1538	0.46701124
1539	0.09044336
1540	0.092015214
1541	0.07481304
1542	0.774843
1543	0.87859195
1544	0.9131165
1545	0.04341051
1546	0.8434986
1547	0.7344727
1548	0.581681
1549	0.17272602
1550	0.14612138
1551	0.85833734
1552	0.062442243
1553	0.07693122
1554	0.3176599
1555	0.11055869
1556	0.1999612
1557	0.14103207
1558	0.33539188
1559	0.14961316
1560	0.16283074
1561	0.11856797
1562	0.092942774
1563	0.18906043
1564	0.13976067
1565	0.080358595
1566	0.10788454
1567	0.23247638
1568	0.13237932
1569	0.039881755
1570	0.11664082
1571	0.37417626
1572	0.063996635
1573	0.22171105
1574	0.1419834
1575	0.6442746
1576	0.078528926
1577	0.054227773
1578	0.23949228
1579	0.16107059
1580	0.1308511
1581	0.0657419
1582	0.14014032
1583	0.15527113
1584	0.017429871
1585	0.7877013
1586	0.81495327
1587	0.14955178
1588	0.6553344
1589	0.042721506
1590	0.876984
1591	0.7951092
1592	0.13032243
1593	0.10708744
1594	0.9098036
1595	0.26952583
1596	0.32834885
1597	0.9593302
1598	0.93822473
1599	0.2559517
1600	0.9175048
1601	0.2376945
1602	0.36465758
1603	0.1908429
1604	0.5020547
1605	0.04750961
1606	0.1727584
1607	0.2641072
1608	0.5038166
1609	0.2225511
1610	0.97331333
1611	0.3111074
1612	0.5347907
1613	0.283285
1614	0.052709367
1615	0.65729845
1616	0.34190387
1617	0.652117
1618	0.14642335
1619	0.17614804
1620	0.2552121
1621	0.101887666
1622	0.35521817
1623	0.3314808
1624	0.48069343
1625	0.08789666
1626	0.074559316
1627	0.09895705
1628	0.086074755
1629	0.039220784
1630	0.066117816
1631	0.1521129
1632	0.19709171
1633	0.19040537
1634	0.09941803
1635	0.10141923
1636	0.073451504
1637	0.10315023
1638	0.111434974
1639	0.04928461
1640	0.10727846
1641	0.061935768
1642	0.13349618
1643	0.055424355
1644	0.036942013
1645	0.068289086
1646	0.08463066
1647	0.12162296
1648	0.23855896
1649	0.08082359
1650	0.087998785
1651	0.089121684
1652	0.24225087
1653	0.8836646
1654	0.9637419
1655	0.33048418
1656	0.11224998
1657	0.28082746
1658	0.274606
1659	0.42092663
1660	0.13406642
1661	0.8162591
1662	0.56763405
1663	0.13043225
1664	0.09081694
1665	0.12805906
1666	0.53738457
1667	0.212259
1668	0.38158303
1669	0.7053612
1670	0.43461004
1671	0.25558025
1672	0.8279496
1673	0.22436334
1674	0.21086437
1675	0.061046332
1676	0.0334856
1677	0.07653908
1678	0.29096088
1679	0.30826965
1680	0.11839714
1681	0.149794
1682	0.12555733
1683	0.2570861
1684	0.96956974
1685	0.9165285
1686	0.19587298
1687	0.27353013
1688	0.3804761
1689	0.7739574
1690	0.86746216
1691	0.90600675
1692	0.50785834
1693	0.6588242
1694	0.971563
1695	0.6467081
1696	0.24303222
1697	0.31171733
1698	0.6815974
1699	0.24971013
1700	0.099390924
1701	0.83147585
1702	0.4936397
1703	0.29677847
1704	0.77468055
1705	0.2947839
1706	0.38885143
1707	0.9504491
1708	0.1717225
1709	0.83342445
1710	0.17573503
1711	0.563484
1712	0.15698034
1713	0.9441341
1714	0.09244628
1715	0.19365786
1716	0.9718612
1717	0.9316901
1718	0.06275914
1719	0.09343802
1720	0.9849798
1721	0.13197331
1722	0.11902835
1723	0.98269665
1724	0.60831434
1725	0.06483236
1726	0.12881978
1727	0.6616168
1728	0.07416164
1729	0.84773403
1730	0.119129285
1731	0.7048531
1732	0.42712393
1733	0.65169346
1734	0.6866808
1735	0.0403045
1736	0.3095862
1737	0.9670255
1738	0.30553418
1739	0.51885283
1740	0.7787472
1741	0.91149986
1742	0.43528208
1743	0.89453655
1744	0.82744944
1745	0.98733044
1746	0.058480386
1747	0.0811224
1748	0.19118175
1749	0.09211197
1750	0.16916278
1751	0.14439489
1752	0.124863714
1753	0.059000652
1754	0.16733779
1755	0.16116293
1756	0.08612811
1757	0.05659296
1758	0.19208652
1759	0.064216
1760	0.26903024
1761	0.12479782
1762	0.12532902
1763	0.09530217
1764	0.11145004
1765	0.10138743
1766	0.09851223
1767	0.22751687
1768	0.07487272
1769	0.21210082
1770	0.09171316
1771	0.47980762
1772	0.21851024
1773	0.1903569
1774	0.28118685
1775	0.9416705
1776	0.67217183
1777	0.28059754
1778	0.634124
1779	0.2546143
1780	0.17448182
1781	0.110894
1782	0.025007632
1783	0.2729618
1784	0.8143594
1785	0.40550122
1786	0.09295544
1787	0.06406307
1788	0.08204143
1789	0.14692234
1790	0.06495131
1791	0.1580579
1792	0.18470341
1793	0.23813722
1794	0.34945416
1795	0.12490711
1796	0.94508344
1797	0.80763
1798	0.03134269
1799	0.13450715
1800	0.2585422
1801	0.6387919
1802	0.96098334
1803	0.052159566
1804	0.18147767
1805	0.11513228
1806	0.056831904
1807	0.2386188
1808	0.16532412
1809	0.24310453
1810	0.14515762
1811	0.12883146
1812	0.049907923
1813	0.07917781
1814	0.26078624
1815	0.3996418
1816	0.16842528
1817	0.31681374
1818	0.22605914
1819	0.16789825
1820	0.48194757
1821	0.11560379
1822	0.06231125
1823	0.81791073
1824	0.46793702
1825	0.7145488
1826	0.76555604
1827	0.074626476
1828	0.065965526
1829	0.51366967
1830	0.05856227
1831	0.08831424
1832	0.1486752
1833	0.10915413
1834	0.20240486
1835	0.11272967
1836	0.071976215
1837	0.26990077
1838	0.08111957
1839	0.19052185
1840	0.21933676
1841	0.8802589
1842	0.17669946
1843	0.2045252
1844	0.10075858
1845	0.22447045
1846	0.115764774
1847	0.13939019
1848	0.22174697
1849	0.16523612
1850	0.15067263
1851	0.13818552
1852	0.13188393
1853	0.12123101
1854	0.18675397
1855	0.2266316
1856	0.06420029
1857	0.12245814
1858	0.11231981
1859	0.27746442
1860	0.14576428
1861	0.104448974
1862	0.12416961
1863	0.12023586
1864	0.3008349
1865	0.14519049
1866	0.5584257
1867	0.07386927
1868	0.84640515
1869	0.107304394
1870	0.71654767
1871	0.8048632
1872	0.68619066
1873	0.41131645
1874	0.04390773
1875	0.4066063
1876	0.10112511
1877	0.29653358
1878	0.12928547
1879	0.07076903
1880	0.059801962
1881	0.18017104
1882	0.69940126
1883	0.7987199
1884	0.3998672
1885	0.043306522
1886	0.35046476
1887	0.5773686
1888	0.26588446
1889	0.62823236
1890	0.45357478
1891	0.9232312
1892	0.9820562
1893	0.9820562
1894	0.10170898
1895	0.88411146
1896	0.35369873
1897	0.11159815
1898	0.45343974
1899	0.2813967
1900	0.13563026
1901	0.041849084
1902	0.8852749
1903	0.1882187
1904	0.09473512
1905	0.054424662
1906	0.16656479
1907	0.1849759
1908	0.9827436
1909	0.37370893
1910	0.9784178
1911	0.51765305
1912	0.94728845
1913	0.419233
1914	0.78146863
1915	0.38198632
1916	0.11060927
1917	0.10384528
1918	0.8662948
1919	0.06588169
1920	0.9713309
1921	0.9490182
1922	0.5081621
1923	0.28027552
1924	0.10094836
1925	0.19917256
1926	0.48153487
1927	0.11937137
1928	0.2074087
1929	0.10540522
1930	0.46194312
1931	0.10757949
1932	0.18492551
1933	0.081455655
1934	0.47208104
1935	0.13286395
1936	0.067729376
1937	0.12123602
1938	0.97187006
1939	0.03349345
1940	0.24027228
1941	0.9210755
1942	0.9494952
1943	0.18225016
1944	0.086920105
1945	0.104741015
1946	0.13237706
1947	0.104381755
1948	0.18260153
1949	0.16021061
1950	0.17919432
1951	0.19283572
1952	0.12841989
1953	0.04032351
1954	0.11660598
1955	0.17315522
1956	0.1832856
1957	0.14477515
1958	0.07631019
1959	0.037727278
1960	0.073656596
1961	0.08635086
1962	0.1708121
1963	0.028343674
1964	0.050375905
1965	0.20019262
1966	0.15081787
1967	0.89545184
1968	0.064345784
1969	0.64844143
1970	0.11216487
1971	0.13496171
1972	0.101213746
1973	0.6915317
1974	0.27967158
1975	0.09525725
1976	0.8037996
1977	0.5736119
1978	0.7464779
1979	0.2423104
1980	0.04698508
1981	0.2050749
1982	0.12873043
1983	0.0777494
1984	0.05367981
1985	0.1183239
1986	0.46036732
1987	0.08427533
1988	0.09563155
1989	0.11648812
1990	0.031569004
1991	0.13755217
1992	0.058194943
1993	0.19235519
1994	0.06170019
1995	0.09104913
1996	0.13523544
1997	0.09908128
1998	0.07796669
1999	0.072613694
2000	0.1375775
2001	0.033508733
2002	0.19289947
2003	0.040522408
2004	0.40129268
2005	0.39791557
2006	0.18051903
2007	0.44844776
2008	0.05360854
2009	0.13059124
2010	0.40754363
2011	0.1623062
2012	0.07107345
2013	0.14922266
2014	0.070283875
2015	0.06107812
2016	0.18546242
2017	0.39065966
2018	0.19109619
2019	0.20192482
2020	0.2302384
2021	0.16119105
2022	0.60390335
2023	0.6539407
2024	0.43789604
2025	0.54608643
2026	0.41289112
2027	0.46926796
2028	0.4614079
2029	0.37057325
2030	0.45508188
2031	0.6947712
2032	0.13834904
2033	0.044792928
2034	0.06281407
2035	0.15868612
2036	0.4311302
2037	0.35158923
2038	0.12116447
2039	0.26798773
2040	0.12247933
2041	0.22676004
2042	0.10830647
2043	0.72770584
2044	0.4349516
2045	0.91181314
2046	0.21794781
2047	0.1747209
2048	0.22296531
2049	0.1964493
2050	0.82654655
2051	0.13693513
2052	0.19176319
2053	0.2252357
2054	0.5146557
2055	0.13977538
2056	0.10122329
2057	0.2808492
2058	0.21537083
2059	0.12492393
2060	0.17594297
2061	0.3065782
2062	0.48806816
2063	0.086542875
2064	0.20746076
2065	0.2195065
2066	0.19502474
2067	0.21558204
2068	0.16975988
2069	0.48804176
2070	0.12069623
2071	0.558437
2072	0.43235055
2073	0.13180275
2074	0.90069515
2075	0.45190507
2076	0.5571869
2077	0.1927833
2078	0.8809008
2079	0.29039493
2080	0.19047742
2081	0.42330632
2082	0.12783858
2083	0.1079911
2084	0.06912135
2085	0.14559753
2086	0.0765357
2087	0.37878555
2088	0.15527749
2089	0.12538218
2090	0.13625494
2091	0.129756
2092	0.099545114
2093	0.12695535
2094	0.14073451
2095	0.74971384
2096	0.5530662
2097	0.07124424
2098	0.1421941
2099	0.13438454
2100	0.060983703
2101	0.108453505
2102	0.2016789
2103	0.13860127
2104	0.10491862
2105	0.09631554
2106	0.09774986
2107	0.24347737
2108	0.09654883
2109	0.028240258
2110	0.1839372
2111	0.08459775
2112	0.46549612
2113	0.0759343
2114	0.1899008
2115	0.013784736
2116	0.16599764
2117	0.06680144
2118	0.06729892
2119	0.43386993
2120	0.14140517
2121	0.11304539
2122	0.3961436
2123	0.4252759
2124	0.2573081
2125	0.10156125
2126	0.25112054
2127	0.12799364
2128	0.11631758
2129	0.101638615
2130	0.107324965
2131	0.12726745
2132	0.33509833
2133	0.31271908
2134	0.2075829
2135	0.045811467
2136	0.93246096
2137	0.03875606
2138	0.11170836
2139	0.17656484
2140	0.23403428
2141	0.2490184
2142	0.06911003
2143	0.075014085
2144	0.36253688
2145	0.14468127
2146	0.04991138
2147	0.095557794
2148	0.19093648
2149	0.21770792
2150	0.96087444
2151	0.70031357
2152	0.1275586
2153	0.32817486
2154	0.37903884
2155	0.05850705
2156	0.23112656
2157	0.15807492
2158	0.15985589
2159	0.09014469
2160	0.37147054
2161	0.84118456
2162	0.4623037
2163	0.88614494
2164	0.39288726
2165	0.56749856
2166	0.3757172
2167	0.63618344
2168	0.11424238
2169	0.35656184
2170	0.8180789
2171	0.4776077
2172	0.4057874
2173	0.71334493
2174	0.30718535
2175	0.8240558
2176	0.38069108
2177	0.937618
2178	0.49383813
2179	0.078431986
2180	0.36977077
2181	0.054692872
2182	0.36592665
2183	0.20688395
2184	0.21082431
2185	0.18425931
2186	0.32834005
2187	0.100804985
2188	0.1792517
2189	0.17147939
2190	0.4234166
2191	0.09176103
2192	0.26084965
2193	0.20862594
2194	0.0579317
2195	0.09224666
2196	0.2968712
2197	0.05589028
2198	0.0722191
2199	0.105657265
2200	0.105503984
2201	0.43632862
2202	0.092867546
2203	0.07044997
2204	0.44086495
2205	0.03798216
2206	0.08760252
2207	0.11700034
2208	0.08263757
2209	0.030926216
2210	0.1858976
2211	0.30704865
2212	0.38440672
2213	0.09193069
2214	0.09153398
2215	0.052076522
2216	0.26123065
2217	0.038530245
2218	0.56263775
2219	0.07376778
2220	0.03534117
2221	0.041205477
2222	0.057087332
2223	0.0406503
2224	0.1260742
2225	0.50780046
2226	0.086112164
2227	0.07660151
2228	0.23684935
2229	0.6496969
2230	0.6242923
2231	0.071462154
2232	0.18145443
2233	0.20834307
2234	0.15909608
2235	0.09419489
2236	0.0677952
2237	0.06480741
2238	0.11026576
2239	0.14629167
2240	0.056779284
2241	0.32973805
2242	0.36074916
2243	0.21826935
2244	0.2603896
2245	0.21725836
2246	0.22211419
2247	0.24080166
2248	0.13866954
2249	0.15043573
2250	0.111019306
2251	0.2254862
2252	0.14292298
2253	0.4440372
2254	0.54783523
2255	0.8512181
2256	0.51625943
2257	0.17842655
2258	0.46509367
2259	0.82260215
2260	0.5372475
2261	0.09712305
2262	0.95908356
2263	0.7801137
2264	0.8218623
2265	0.55234206
2266	0.54780227
2267	0.50756645
2268	0.5650285
2269	0.326338
2270	0.41425928
2271	0.4500588
2272	0.4786754
2273	0.46558976
2274	0.77288723
2275	0.5783023
2276	0.32394525
2277	0.09000586
2278	0.1754693
2279	0.46065417
2280	0.44711056
2281	0.16694376
2282	0.33736703
2283	0.47556812
2284	0.4445988
2285	0.24503914
2286	0.1701193
2287	0.64895
2288	0.056008697
2289	0.08047087
2290	0.099714324
2291	0.066757225
2292	0.35835147
2293	0.17375927
2294	0.035151348
2295	0.07965481
2296	0.13348314
2297	0.097084165
2298	0.10208856
2299	0.10561287
2300	0.037732404
2301	0.07418595
2302	0.16964519
2303	0.05277108
2304	0.10342772
2305	0.15203361
2306	0.1354373
2307	0.19054288
2308	0.29368877
2309	0.14472085
2310	0.102931626
2311	0.13304557
2312	0.14616714
2313	0.10585067
2314	0.1994553
2315	0.12839714
2316	0.16235648
2317	0.018046461
2318	0.86139053
2319	0.34363893
2320	0.7820459
2321	0.8126595
2322	0.126757
2323	0.12165835
2324	0.87462693
2325	0.2024063
2326	0.06822046
2327	0.28095543
2328	0.6738317
2329	0.119836845
2330	0.041791942
2331	0.08569105
2332	0.14949885
2333	0.09882904
2334	0.09519376
2335	0.09941496
2336	0.057523828
2337	0.070131175
2338	0.12325561
2339	0.13088892
2340	0.10193914
2341	0.08442894
2342	0.34175038
2343	0.18453686
2344	0.07649
2345	0.12285324
2346	0.07103597
2347	0.97690964
2348	0.076444134
2349	0.06337022
2350	0.04513226
2351	0.10826494
2352	0.48602936
2353	0.08528766
2354	0.7193699
2355	0.096194744
2356	0.097370364
2357	0.5810328
2358	0.20931858
2359	0.07416222
2360	0.17833358
2361	0.8414148
2362	0.81139374
2363	0.41931567
2364	0.24286523
2365	0.40122464
2366	0.13807987
2367	0.5652193
2368	0.9850277
2369	0.98037004
2370	0.11733151
2371	0.9618195
2372	0.7976229
2373	0.9813774
2374	0.2715327
2375	0.20201029
2376	0.9810409
2377	0.08666252
2378	0.32679057
2379	0.19112647
2380	0.20679113
2381	0.72968185
2382	0.87990946
2383	0.76571125
2384	0.086934015
2385	0.97226804
2386	0.10051133
2387	0.97681844
2388	0.9291031
2389	0.5350483
2390	0.22984664
2391	0.9287874
2392	0.09619997
2393	0.96170574
2394	0.9715328
2395	0.9693457
2396	0.13639747
2397	0.71824867
2398	0.102577046
2399	0.18704002
2400	0.8308795
2401	0.09082202
2402	0.6401854
2403	0.20588942
2404	0.112070955
2405	0.48756474
2406	0.2938126
2407	0.14232163
2408	0.8999506
2409	0.13326398
2410	0.27028978
2411	0.92145497
2412	0.22789685
2413	0.1479996
2414	0.14520483
2415	0.7516182
2416	0.07863049
2417	0.12551123
2418	0.042695373
2419	0.08399509
2420	0.20780784
2421	0.1419664
2422	0.23661897
2423	0.66819584
2424	0.32893497
2425	0.1456804
2426	0.35698286
2427	0.17730998
2428	0.4623564
2429	0.6832763
2430	0.94795007
2431	0.68853414
2432	0.9742501
2433	0.2387023
2434	0.63409495
2435	0.09672858
2436	0.8723361
2437	0.93475497
2438	0.49811387
2439	0.4143986
2440	0.19605555
2441	0.31033367
2442	0.5572197
2443	0.40322116
2444	0.5284302
2445	0.42566144
2446	0.5005898
2447	0.9171136
2448	0.26498628
2449	0.11216221
2450	0.53270847
2451	0.090554215
2452	0.052851178
2453	0.0766415
2454	0.12183203
2455	0.13433397
2456	0.14571308
2457	0.22501355
2458	0.05609969
2459	0.062132224
2460	0.12839016
2461	0.023037056
2462	0.08903965
2463	0.08699063
2464	0.10042838
2465	0.4511742
2466	0.21337388
2467	0.1352416
2468	0.19897246
2469	0.06578867
2470	0.16408123
2471	0.30268952
2472	0.5033558
2473	0.09704104
2474	0.35756058
2475	0.22884607
2476	0.38284096
2477	0.18497035
2478	0.11627562
2479	0.2926999
2480	0.19926704
2481	0.3228148
2482	0.20935133
2483	0.07422077
2484	0.3066291
2485	0.33557492
2486	0.3716453
2487	0.14635305
2488	0.39309448
2489	0.43057346
2490	0.12673768
2491	0.3117833
2492	0.041495413
2493	0.42769983
2494	0.034176745
2495	0.107720345
2496	0.13769968
2497	0.1273729
2498	0.17126177
2499	0.29727277
2500	0.4952406
2501	0.28689137
2502	0.28097802
2503	0.45400134
2504	0.04432387
2505	0.13456182
2506	0.07994266
2507	0.065275446
2508	0.22287442
2509	0.26696178
2510	0.16343121
2511	0.20599513
2512	0.04300761
2513	0.14144419
2514	0.04815253
2515	0.11913803
2516	0.05512931
2517	0.4622067
2518	0.45589954
2519	0.024607245
2520	0.5200616
2521	0.48644596
2522	0.46185842
2523	0.5872253
2524	0.054126825
2525	0.4675196
2526	0.5005282
2527	0.51462877
2528	0.41870984
2529	0.20190597
2530	0.09234333
2531	0.11793115
2532	0.09562744
2533	0.10598013
2534	0.10497704
2535	0.059169676
2536	0.13708834
2537	0.120541856
2538	0.044499576
2539	0.21885392
2540	0.17432638
2541	0.104530826
2542	0.19447026
2543	0.10070898
2544	0.051538255
2545	0.2002175
2546	0.1170672
2547	0.018958595
2548	0.13892594
2549	0.14021982
2550	0.40270025
2551	0.08028603
2552	0.19082695
2553	0.08028973
2554	0.101070166
2555	0.09470178
2556	0.036908925
2557	0.05520233
2558	0.086791426
2559	0.098654374
2560	0.109504044
2561	0.050169364
2562	0.05534881
2563	0.07376314
2564	0.07939628
2565	0.11195202
2566	0.06004228
2567	0.13409895
2568	0.10415576
2569	0.09221496
2570	0.07509655
2571	0.11613583
2572	0.04074001
2573	0.0876523
2574	0.058043774
2575	0.2685804
2576	0.22361073
2577	0.21840833
2578	0.06879372
2579	0.7837329
2580	0.2750427
2581	0.32112855
2582	0.32253367
2583	0.263469
2584	0.9242771
2585	0.35446006
2586	0.20377977
2587	0.6942493
2588	0.85000116
2589	0.96314114
2590	0.13964513
2591	0.106072515
2592	0.19038378
2593	0.1305051
2594	0.4965983
2595	0.14580034
2596	0.13750254
2597	0.1888679
2598	0.76047057
2599	0.52531964
2600	0.35257402
2601	0.62939376
2602	0.49827808
2603	0.68176544
2604	0.60874516
2605	0.197252
2606	0.25675076
2607	0.07344939
2608	0.15427035
2609	0.17449754
2610	0.07808184
2611	0.07982181
2612	0.12019645
2613	0.13389766
2614	0.18980129
2615	0.07716745
2616	0.08546721
2617	0.0404269
2618	0.106459334
2619	0.09054008
2620	0.06484846
2621	0.18960758
2622	0.07384217
2623	0.07270409
2624	0.09123194
2625	0.045669544
2626	0.15733905
2627	0.023498613
2628	0.112929024
2629	0.2964187
2630	0.027502365
2631	0.21353982
2632	0.038824856
2633	0.073998295
2634	0.20989302
2635	0.11453328
2636	0.28972414
2637	0.06585953
2638	0.524934
2639	0.14320159
2640	0.07243916
2641	0.17172839
2642	0.043525282
2643	0.09427311
2644	0.23158774
2645	0.16063721
2646	0.06896406
2647	0.01879738
2648	0.071998194
2649	0.07403176
2650	0.122022875
2651	0.118037075
2652	0.47279048
2653	0.14031257
2654	0.034857072
2655	0.1058
2656	0.3293325
2657	0.068282366
2658	0.43672124
2659	0.15968184
2660	0.020889716
2661	0.017228078
2662	0.06161954
2663	0.61496216
2664	0.098606244
2665	0.35197666
2666	0.23895219
2667	0.14175966
2668	0.42134503
2669	0.08378529
2670	0.43752432
2671	0.023720846
2672	0.112933144
2673	0.22606608
2674	0.24128331
2675	0.41946307
2676	0.11659098
2677	0.35043323
2678	0.23432723
2679	0.3342648
2680	0.21772276
2681	0.06562468
2682	0.17099972
2683	0.21416555
2684	0.07707863
2685	0.14506096
2686	0.57454485
2687	0.08057781
2688	0.98244584
2689	0.10395911
2690	0.105367325
2691	0.19250825
2692	0.109991565
2693	0.9044922
2694	0.1852131
2695	0.1104572
2696	0.08677272
2697	0.10260536
2698	0.087015964
2699	0.025967063
2700	0.07735345
2701	0.078630134
2702	0.13446067
2703	0.19428577
2704	0.16238709
2705	0.049699314
2706	0.25362492
2707	0.16333394
2708	0.15189333
2709	0.3639417
2710	0.0930188
2711	0.06107199
2712	0.08595259
2713	0.12206043
2714	0.10080175
2715	0.07710387
2716	0.47864676
2717	0.67169154
2718	0.47280747
2719	0.95149845
2720	0.9625967
2721	0.094053
2722	0.063571565
2723	0.76658696
2724	0.46260363
2725	0.19083
2726	0.9242826
2727	0.1367364
2728	0.809828
2729	0.51865995
2730	0.042875048
2731	0.7311316
2732	0.6189839
2733	0.8258408
2734	0.8258408
2735	0.54513204
2736	0.71804094
2737	0.665921
2738	0.63614094
2739	0.41033348
2740	0.7311316
2741	0.5156368
2742	0.60572547
2743	0.5891934
2744	0.5156368
2745	0.5697637
2746	0.7199426
2747	0.9565727
2748	0.97383887
2749	0.9880454
2750	0.9882832
2751	0.78114164
2752	0.9755349
2753	0.9543067
2754	0.8613719
2755	0.21449243
2756	0.9228088
2757	0.950898
2758	0.9216226
2759	0.66757554
2760	0.6928261
2761	0.81275636
2762	0.86399055
2763	0.9351133
2764	0.7545741
2765	0.2088305
2766	0.19027172
2767	0.9387834
2768	0.12973696
2769	0.2564328
2770	0.7354564
2771	0.30327675
2772	0.93857604
2773	0.62113076
2774	0.7752941
2775	0.98409605
2776	0.730158
2777	0.973499
2778	0.8228261
2779	0.46854237
2780	0.98634744
2781	0.6185394
2782	0.13274716
2783	0.1093807
2784	0.93073374
2785	0.035269126
2786	0.049871985
2787	0.29064026
2788	0.13284265
2789	0.088330485
2790	0.08123495
2791	0.09412036
2792	0.2036617
2793	0.25816798
2794	0.050473318
2795	0.13695903
2796	0.18213964
2797	0.23914397
2798	0.15292157
2799	0.13987692
2800	0.1640766
2801	0.2114197
2802	0.21676202
2803	0.18304709
2804	0.036792003
2805	0.11343776
2806	0.08405893
2807	0.6392281
2808	0.09818529
2809	0.15616238
2810	0.106757365
2811	0.5543229
2812	0.23867708
2813	0.20374058
2814	0.16492172
2815	0.21149057
2816	0.104846895
2817	0.054753207
2818	0.08430538
2819	0.13794295
2820	0.15658614
2821	0.071975306
2822	0.14283687
2823	0.15120263
2824	0.2398212
2825	0.21975838
2826	0.14748807
2827	0.10554633
2828	0.57074404
2829	0.3319624
2830	0.1544094
2831	0.49057347
2832	0.3205895
2833	0.5414212
2834	0.40402693
2835	0.51806974
2836	0.31096536
2837	0.18988484
2838	0.36506447
2839	0.08310047
2840	0.3937444
2841	0.099864416
2842	0.44401526
2843	0.12022277
2844	0.19188315
2845	0.631251
2846	0.2605049
2847	0.17895707
2848	0.7865971
2849	0.36258698
2850	0.2557246
2851	0.3346607
2852	0.22323534
2853	0.5742405
2854	0.31695485
2855	0.83631
2856	0.26117042
2857	0.14161246
2858	0.8138031
2859	0.5807081
2860	0.40666008
2861	0.17584904
2862	0.32217258
2863	0.527776
2864	0.98228157
2865	0.7376413
2866	0.90641177
2867	0.058030065
2868	0.70187885
2869	0.63755625
2870	0.45630732
2871	0.17196071
2872	0.78225654
2873	0.06133415
2874	0.3961997
2875	0.427907
2876	0.5908626
2877	0.12992254
2878	0.322413
2879	0.5089258
2880	0.6192532
2881	0.0662164
2882	0.9274546
2883	0.13067178
2884	0.20707421
2885	0.3885573
2886	0.037459683
2887	0.32310686
2888	0.15153064
2889	0.11667486
2890	0.09932555
2891	0.32333016
2892	0.15004556
2893	0.17336485
2894	0.08197419
2895	0.06802513
2896	0.12750763
2897	0.15566948
2898	0.16789824
2899	0.33242983
2900	0.9496473
2901	0.98139495
2902	0.98527527
2903	0.1501191
2904	0.98088765
2905	0.19941445
2906	0.9697196
2907	0.6318367
2908	0.21400449
2909	0.7944944
2910	0.98088765
2911	0.98053014
2912	0.9486947
2913	0.16473234
2914	0.69830346
2915	0.9599509
2916	0.19295311
2917	0.19298995
2918	0.9723885
2919	0.31300852
2920	0.07282738
2921	0.8350184
2922	0.98768604
2923	0.1426858
2924	0.9870198
2925	0.037513472
2926	0.7216176
2927	0.07704753
2928	0.13599163
2929	0.333409
2930	0.0671364
2931	0.015746294
2932	0.28777084
2933	0.08533248
2934	0.061937172
2935	0.56558317
2936	0.16083777
2937	0.1304929
2938	0.08987537
2939	0.06466181
2940	0.3173733
2941	0.33464783
2942	0.19945768
2943	0.3279931
2944	0.41154608
2945	0.25889575
2946	0.2543303
2947	0.10070817
2948	0.13346331
2949	0.026187247
2950	0.09291542
2951	0.20604733
2952	0.12788814
2953	0.061555382
2954	0.20555486
2955	0.19455157
2956	0.15591818
2957	0.17087214
2958	0.1105917
2959	0.22995758
2960	0.50574327
2961	0.17837715
2962	0.17369126
2963	0.08759715
2964	0.18953623
2965	0.16033743
2966	0.09838137
2967	0.16449004
2968	0.12445582
2969	0.10117874
2970	0.4105781
2971	0.23300949
2972	0.30971828
2973	0.051261283
2974	0.1015881
2975	0.31023687
2976	0.27073315
2977	0.29196578
2978	0.29170644
2979	0.31088018
2980	0.2299299
2981	0.17848122
2982	0.15390483
2983	0.17636232
2984	0.064732894
2985	0.16855912
2986	0.545407
2987	0.038648218
2988	0.09464069
2989	0.087094896
2990	0.17500836
2991	0.1761935
2992	0.10713733
2993	0.16118798
2994	0.093687944
2995	0.13540383
2996	0.09409959
2997	0.15483047
2998	0.11733487
2999	0.056217656
3000	0.9719791
3001	0.023794478
3002	0.94913447
3003	0.101011105
3004	0.1420432
3005	0.0871668
3006	0.14293541
3007	0.04066816
3008	0.07538756
3009	0.1392527
3010	0.08645893
3011	0.07746056
3012	0.12060449
3013	0.11007763
3014	0.07759468
3015	0.08007991
3016	0.1343163
3017	0.08211097
3018	0.24408677
3019	0.2932935
3020	0.3450297
3021	0.43694586
3022	0.031317964
3023	0.022318365
3024	0.15627582
3025	0.089033894
3026	0.26069304
3027	0.20935655
3028	0.2634513
3029	0.05144134
3030	0.6705372
3031	0.078552596
3032	0.7306804
3033	0.035158705
3034	0.11058038
3035	0.21193604
3036	0.09212052
3037	0.041046526
3038	0.06479594
3039	0.17440006
3040	0.022107072
3041	0.813994
3042	0.9116344
3043	0.87534106
3044	0.7439537
3045	0.38864747
3046	0.9453407
3047	0.7099449
3048	0.70539284
3049	0.91949135
3050	0.9726264
3051	0.90424573
3052	0.941294
3053	0.19009788
3054	0.093710035
3055	0.16484754
3056	0.2329594
3057	0.057164002
3058	0.26903355
3059	0.08399744
3060	0.10894052
3061	0.10254401
3062	0.09780928
3063	0.30208766
3064	0.0972314
3065	0.9254308
3066	0.65388006
3067	0.31177652
3068	0.8542627
3069	0.93815947
3070	0.3454521
3071	0.3597019
3072	0.44595832
3073	0.654453
3074	0.23784177
3075	0.8408584
3076	0.6750298
3077	0.39113018
3078	0.80278176
3079	0.17568071
3080	0.8853197
3081	0.8744665
3082	0.10921155
3083	0.21547307
3084	0.1412523
3085	0.09338341
3086	0.14257838
3087	0.36892387
3088	0.49845353
3089	0.24792542
3090	0.46969616
3091	0.85655904
3092	0.061172098
3093	0.6047539
3094	0.75343966
3095	0.13558808
3096	0.13117221
3097	0.06553024
3098	0.14141378
3099	0.18691291
3100	0.16272204
3101	0.13705848
3102	0.4429424
3103	0.043210797
3104	0.04928678
3105	0.18513732
3106	0.11985542
3107	0.6006874
3108	0.11395241
3109	0.10934454
3110	0.44094583
3111	0.07706439
3112	0.14859454
3113	0.17725949
3114	0.3151577
3115	0.086356655
3116	0.7766234
3117	0.075230956
3118	0.17777576
3119	0.113046676
3120	0.042609513
3121	0.22430658
3122	0.24540263
3123	0.22973712
3124	0.31136197
3125	0.083371095
3126	0.07017963
3127	0.23870702
3128	0.58004534
3129	0.4409003
3130	0.16563167
3131	0.13154706
3132	0.29359874
3133	0.9869686
3134	0.17368418
3135	0.15673093
3136	0.10076361
3137	0.10869779
3138	0.15071209
3139	0.2786195
3140	0.10759121
3141	0.16243972
3142	0.5937389
3143	0.4016241
3144	0.17502318
3145	0.07362991
3146	0.899004
3147	0.05992197
3148	0.12123031
3149	0.8022797
3150	0.12766318
3151	0.63207906
3152	0.118988454
3153	0.06762122
3154	0.6766257
3155	0.43869448
3156	0.8564542
3157	0.3541866
3158	0.30985934
3159	0.28201476
3160	0.37542337
3161	0.555365
3162	0.9198373
3163	0.08043554
3164	0.93710834
3165	0.61464584
3166	0.06224386
3167	0.5739862
3168	0.67950463
3169	0.23716828
3170	0.95895046
3171	0.36485973
3172	0.96584934
3173	0.95857227
3174	0.9839355
3175	0.4229186
3176	0.85991216
3177	0.37298703
3178	0.39409554
3179	0.15991221
3180	0.64816123
3181	0.3874449
3182	0.074024014
3183	0.16553958
3184	0.20127372
3185	0.37719056
3186	0.47229016
3187	0.974841
3188	0.43762356
3189	0.9777281
3190	0.19710003
3191	0.95942205
3192	0.96081173
3193	0.060057357
3194	0.111245446
3195	0.79750526
3196	0.755056
3197	0.9495511
3198	0.67180663
3199	0.95420134
3200	0.19847307
3201	0.057621818
3202	0.06778213
3203	0.051484577
3204	0.15332112
3205	0.7229287
3206	0.096947506
3207	0.063050956
3208	0.95038176
3209	0.16230841
3210	0.11931147
3211	0.9243521
3212	0.9233237
3213	0.24681285
3214	0.12909411
3215	0.08217169
3216	0.100489736
3217	0.20971687
3218	0.085547805
3219	0.27687183
3220	0.07897306
3221	0.1182999
3222	0.069870114
3223	0.40103662
3224	0.017354924
3225	0.08488845
3226	0.05208815
3227	0.065120235
3228	0.03529201
3229	0.13790712
3230	0.95227635
3231	0.8481986
3232	0.8716339
3233	0.8986592
3234	0.71331125
3235	0.95227635
3236	0.8677214
3237	0.6477833
3238	0.93359077
3239	0.8816523
3240	0.8637918
3241	0.11082454
3242	0.10591281
3243	0.14539072
3244	0.10321437
3245	0.08033016
3246	0.03533478
3247	0.053366415
3248	0.029666658
3249	0.14549987
3250	0.054195505
3251	0.14776231
3252	0.94558287
3253	0.9738036
3254	0.7539487
3255	0.5676426
3256	0.1206484
3257	0.930363
3258	0.30459148
3259	0.97399545
3260	0.93401676
3261	0.55743605
3262	0.836604
